Name,ProductCode,SBQQ__AssetAmendmentBehavior__c,SBQQ__AssetConversion__c,SBQQ__BatchQuantity__c,SBQQ__BillingFrequency__c,SBQQ__BillingType__c,SBQQ__BlockPricingField__c,SBQQ__ChargeType__c,SBQQ__Component__c,SBQQ__CompoundDiscountRate__c,SBQQ__ConfigurationEvent__c,SBQQ__ConfigurationFieldSet__c,SBQQ__ConfigurationFields__c,SBQQ__ConfigurationFormTitle__c,SBQQ__ConfigurationType__c,SBQQ__ConfigurationValidator__c,SBQQ__ConfiguredCodePattern__c,SBQQ__ConfiguredDescriptionPattern__c,SBQQ__CostEditable__c,SBQQ__CostSchedule__c,SBQQ__CustomConfigurationPage__c,SBQQ__CustomConfigurationRequired__c,SBQQ__CustomerCommunityAvailability__c,SBQQ__DefaultPricingTable__c,SBQQ__DefaultQuantity__c,SBQQ__DescriptionLocked__c,SBQQ__DiscountCategory__c,SBQQ__DiscountSchedule__c,SBQQ__DynamicPricingConstraint__c,SBQQ__ExcludeFromMaintenance__c,SBQQ__ExcludeFromOpportunity__c,SBQQ__ExternallyConfigurable__c,SBQQ__GenerateContractedPrice__c,SBQQ__HasConfigurationAttributes__c,SBQQ__Hidden__c,SBQQ__HidePriceInSearchResults__c,SBQQ__IncludeInMaintenance__c,SBQQ__NewQuoteGroup__c,SBQQ__NonDiscountable__c,SBQQ__NonPartnerDiscountable__c,SBQQ__OptionLayout__c,SBQQ__OptionSelectionMethod__c,SBQQ__Optional__c,SBQQ__PriceEditable__c,SBQQ__PricingMethodEditable__c,SBQQ__PricingMethod__c,SBQQ__ProductPictureID__c,SBQQ__QuantityEditable__c,SBQQ__QuantityScale__c,SBQQ__ReconfigurationDisabled__c,SBQQ__SortOrder__c,SBQQ__Specifications__c,SBQQ__SubscriptionBase__c,SBQQ__SubscriptionCategory__c,SBQQ__SubscriptionPercent__c,SBQQ__SubscriptionPricing__c,SBQQ__SubscriptionTerm__c,SBQQ__SubscriptionType__c,SBQQ__TaxCode__c,SBQQ__Taxable__c,SBQQ__TermDiscountLevel__c,SBQQ__TermDiscountSchedule__c,SBQQ__UpgradeRatio__c,SBQQ__HasConsumptionSchedule__c,SBQQ__EnableLargeConfiguration__c,SBQQ__PricingGuidance__c,Extras__c,Region__c,Errors,Id
RFID Key Card,RFIDKEYCARD,Default,One per quote line,,,,Quantity,,false,,,,,,,,,,false,,,false,,,1,false,,,,false,false,false,,false,false,false,false,false,false,false,,Click,false,false,false,List,,true,,false,,,List,,,,,Renewable,,false,,,,false,false,,false,,,01t2o000009ngpgAAA
"10"" Tablet",TABLET10,Default,One per quote line,,,,Quantity,,false,,,,,,,,,,false,,,false,,,1,false,,,,false,false,false,,false,false,false,false,false,false,false,,Click,false,false,false,List,,true,,false,,,List,,,,,Renewable,,false,,,,false,false,,false,,,01t2o000009ngphAAA
CPU 1.6GHz i5,CPU16GHZI5,Default,One per quote line,,,,Quantity,,false,,,,,,,,,,false,,,false,,,1,false,,,,false,false,false,,false,false,false,false,false,false,false,,Click,false,false,false,List,,true,,false,,,List,,,,,Renewable,,false,,,,false,false,,false,,,01t2o000009ngpiAAA
"13"" Laptop",LAPTOP13,Default,One per quote line,,,,Quantity,,false,,Always,,,,Allowed,,,,false,,,false,,,1,false,,,,false,false,false,,false,false,false,false,false,false,false,,Click,false,false,false,List,,true,,false,,,List,,,,,Renewable,,false,,,,false,false,,false,,,01t2o000009ngpjAAA
RAM 8GB,RAM8GB,Default,One per quote line,,,,Quantity,,false,,,,,,,,,,false,,,false,,,1,false,,,,false,false,false,,false,false,false,false,false,false,false,,Click,false,false,false,List,,true,,false,,,List,,,,,Renewable,,false,,,,false,false,,false,,,01t2o000009ngpkAAA
SSD Hard Drive 128GB,SSD128,Default,One per quote line,,,,Quantity,,false,,,,,,,,,,false,,,false,,,1,false,,,,false,false,false,,false,false,false,false,false,false,false,,Click,false,false,false,List,,true,,false,,,List,,,,,Renewable,,false,,,,false,false,,false,,,01t2o000009ngplAAA
Exterior Camera,EXTERIORCAMERA,Default,One per quote line,,,,Quantity,,false,,,,,,,,,,false,,,false,,,1,false,,,,false,false,false,,false,false,false,false,false,false,false,,Click,false,false,false,List,,true,,false,,,List,,,,,Renewable,,false,,,,false,false,,false,,,01t2o000009ngpmAAA
Interior Camera,INTERIORCAMERA,Default,One per quote line,,,,Quantity,,false,,,,,,,,,,false,,,false,,,1,false,,,,false,false,false,,false,false,false,false,false,false,false,,Click,false,false,false,List,,true,,false,,,List,,,,,Renewable,,false,,,,false,false,,false,,,01t2o000009ngpnAAA
CPU 2.8GHz i7,CPU28GHZI7,Default,One per quote line,,,,Quantity,,false,,,,,,,,,,false,,,false,,,1,false,,,,false,false,false,,false,false,false,false,false,false,false,,Click,false,false,false,List,,true,,false,,,List,,,,,Renewable,,false,,,,false,false,,false,,,01t2o000009ngpoAAA
"15"" Laptop",LAPTOP15,Default,One per quote line,,,,Quantity,,false,,Add,,,,Allowed,,,,false,,,false,,,1,false,,,,false,false,false,,false,false,false,false,false,false,false,Tabs,Click,false,false,false,List,,true,,false,11,,List,,,,,Renewable,,false,,,,false,false,,false,,,01t2o000009ngppAAA
RAM 16GB,RAM16GB,Default,One per quote line,,,,Quantity,,false,,,,,,,,,,false,,,false,,,1,false,,,,false,false,false,,false,false,false,false,false,false,false,,Click,false,false,false,List,,true,,false,,,List,,,,,Renewable,,false,,,,false,false,,false,,,01t2o000009ngpqAAA
SSD Hard Drive 512GB,SSD512,Default,One per quote line,,,,Quantity,,false,,,,,,,,,,false,,,false,,,1,false,,,,false,false,false,,false,false,false,false,false,false,false,,Click,false,false,false,List,,true,,false,,,List,,,,,Renewable,,false,,,,false,false,,false,,,01t2o000009ngprAAA
CPU 2.2GHz i7,CPU22GHZI7,Default,One per quote line,,,,Quantity,,false,,,,,,,,,,false,,,false,,,1,false,,,,false,false,false,,false,false,false,false,false,false,false,,Click,false,false,false,List,,true,,false,,,List,,,,,Renewable,,false,,,,false,false,,false,,,01t2o000009ngpsAAA
SSD Hard Drive 256GB,SSD256,Default,One per quote line,,,,Quantity,,false,,,,,,,,,,false,,,false,,,1,false,,,,false,false,false,,false,false,false,false,false,false,false,,Click,false,false,false,List,,true,,false,,,List,,,,,Renewable,,false,,,,false,false,,false,,,01t2o000009ngptAAA
Smartphone Standard Plan,SMARTPHONESTANDARDPLAN,Default,One per quote line,,Monthly,Arrears,Quantity,Recurring,false,,,,,,,,,,false,,,false,,,1,false,,,,false,false,false,,false,false,false,false,false,false,false,,Click,false,false,false,List,,true,,false,,,List,,,Fixed Price,1,Renewable,,false,,,,true,false,,false,,,01t2o000009ngpuAAA
Softphone License,SOFTPHONE,Default,One per quote line,,,,Quantity,,false,,,,,,,,,,false,,,false,,,1,false,,,,false,false,false,,false,false,false,false,false,false,false,,Click,false,false,false,List,,true,,false,,,List,,,Fixed Price,12,Renewable,,false,,,,false,false,,false,,,01t2o000009ngpvAAA
Creativity Suite License,CREATIVITYSUITE,Default,One per quote line,,,,Quantity,,false,,,,,,,,,,false,,,false,,,1,false,,,,false,false,false,,false,false,false,false,false,false,false,,Click,false,false,false,List,,true,,false,,,List,,,Fixed Price,12,Renewable,,false,,,,false,false,,false,,,01t2o000009ngpwAAA
Accidental Damage Insurance,ACCIDENTINSURANCE,Default,One per quote line,,,,Quantity,,false,,,,,,,,,,false,,,false,,,1,false,,,,false,false,false,,false,false,false,false,false,false,false,,Click,false,false,false,List,,true,,false,,,List,,10,Percent Of Total,12,Renewable,,false,,,,false,false,,false,,,01t2o000009ngpxAAA
Cloud Storage 1GB,CLOUDSTORAGE,Default,One per quote line,,,,Quantity,,false,,,,,,,,,,false,,,false,,,1,false,,,,false,false,false,,false,false,false,false,false,false,false,,Click,false,false,false,List,,true,,false,,,List,,,Fixed Price,12,Renewable,,false,,,,false,false,,false,,,01t2o000009ngpyAAA
Productivity Suite,PRODUCTIVITYSUITE,Default,One per quote line,,,,Quantity,,false,,,,,,,,,,false,,,false,,,1,false,,,,false,false,false,,false,false,false,false,false,false,false,,Click,false,false,false,List,,true,,false,,,List,,,Fixed Price,1,Renewable,,false,,,,false,false,,false,,,01t2o000009ngpzAAA
Solar Controller Hub,SOLARCONTROLLERHUB,Default,One per quote line,,,,Quantity,,false,,,,,,,,,,false,,,false,,,1,false,,,,false,false,false,,false,false,false,false,false,false,false,,Click,false,false,false,List,,true,,false,,,List,,,,,Renewable,,false,,,,false,false,,false,,,01t2o000009ngq0AAA
Flat Roof Mounting Kit,FLATROOFMOUNTINGKIT,Default,One per quote line,,,,Quantity,,false,,,,,,,,,,false,,,false,,,1,false,,,,false,false,false,,false,false,false,false,false,false,false,,Click,false,false,false,List,,true,,false,,,List,,,,,Renewable,,false,,,,false,false,,false,,,01t2o000009ngq1AAA
Inverter,INVERTER,Default,One per quote line,,,,Quantity,,false,,,,,,,,,,false,,,false,,,1,false,,,,false,false,false,,false,false,false,false,false,false,false,,Click,false,false,false,List,,true,,false,,,List,,,,,Renewable,,false,,,,false,false,,false,,,01t2o000009ngq2AAA
Ground Mounting Kit,GROUNDMOUNTINGKIT,Default,One per quote line,,,,Quantity,,false,,,,,,,,,,false,,,false,,,1,false,,,,false,false,false,,false,false,false,false,false,false,false,,Click,false,false,false,List,,true,,false,,,List,,,,,Renewable,,false,,,,false,false,,false,,,01t2o000009ngq3AAA
Solar Panel 400W,SOLARPANEL400W,Default,One per quote line,,,,Quantity,,false,,,,,,,,,,false,,,false,,,1,false,,,,false,false,false,,false,false,false,false,false,false,false,,Click,false,false,false,List,,true,,false,,,List,,,,,Renewable,,false,,,,false,false,,false,,,01t2o000009ngq4AAA
Angled Roof Mounting Kit,ANGLEDROOFMOUNTINGKIT,Default,One per quote line,,,,Quantity,,false,,,,,,,,,,false,,,false,,,1,false,,,,false,false,false,,false,false,false,false,false,false,false,,Click,false,false,false,List,,true,,false,,,List,,,,,Renewable,,false,,,,false,false,,false,,,01t2o000009ngq5AAA
Charge Controller,CHARGECONTROLLER,Default,One per quote line,,,,Quantity,,false,,,,,,,,,,false,,,false,,,1,false,,,,false,false,false,,false,false,false,false,false,false,false,,Click,false,false,false,List,,true,,false,,,List,,,,,Renewable,,false,,,,false,false,,false,,,01t2o000009ngq6AAA
Microinverter,MICROINVERTER,Default,One per quote line,,,,Quantity,,false,,,,,,,,,,false,,,false,,,1,false,,,,false,false,false,,false,false,false,false,false,false,false,,Click,false,false,false,List,,true,,false,,,List,,,,,Renewable,,false,,,,false,false,,false,,,01t2o000009ngq7AAA
Wiring Kit,WIRINGKIT,Default,One per quote line,,,,Quantity,,false,,,,,,,,,,false,,,false,,,1,false,,,,false,false,false,,false,false,false,false,false,false,false,,Click,false,false,false,List,,true,,false,,,List,,,,,Renewable,,false,,,,false,false,,false,,,01t2o000009ngq8AAA
10kWh Battery,10KWHBATTERY,Default,One per quote line,,,,Quantity,,false,,,,,,,,,,false,,,false,,,1,false,,,,false,false,false,,false,false,false,false,false,false,false,,Click,false,false,false,List,,true,,false,,,List,,,,,Renewable,,false,,,,false,false,,false,,,01t2o000009ngq9AAA
Grid Disconnect Switch,GRIDDISCONNECTSWITCH,Default,One per quote line,,,,Quantity,,false,,,,,,,,,,false,,,false,,,1,false,,,,false,false,false,,false,false,false,false,false,false,false,,Click,false,false,false,List,,true,,false,,,List,,,,,Renewable,,false,,,,false,false,,false,,,01t2o000009ngqAAAQ
Solar Disconnect Switch,SOLARDISCONNECTSWITCH,Default,One per quote line,,,,Quantity,,false,,,,,,,,,,false,,,false,,,1,false,,,,false,false,false,,false,false,false,false,false,false,false,,Click,false,false,false,List,,true,,false,,,List,,,,,Renewable,,false,,,,false,false,,false,,,01t2o000009ngqBAAQ
5kWh Battery,5KWHBATTERY,Default,One per quote line,,,,Quantity,,false,,,,,,,,,,false,,,false,,,1,false,,,,false,false,false,,false,false,false,false,false,false,false,,Click,false,false,false,List,,true,,false,,,List,,,,,Renewable,,false,,,,false,false,,false,,,01t2o000009ngqCAAQ
NetbookPro,NETBOOKPRO,Default,One per quote line,,,,Quantity,,false,,,,,,,,,,false,,,false,,,1,false,,,,false,false,false,,false,false,false,false,false,false,false,,Click,false,false,false,List,,true,,false,,,List,,,,,Renewable,,false,,,,false,false,,false,,,01t2o000009ngqDAAQ
VPN License,VPNLICENSE,Default,One per quote line,,,,Quantity,,false,,,,,,,,,,false,,,false,,,1,false,,,,false,false,false,,false,false,false,false,false,false,false,,Click,false,false,false,List,,true,,false,,,List,,,Fixed Price,1,Renewable,,false,,,,false,false,,false,,,01t2o000009ngqEAAQ
Telecommuter Workstation,TELEWORKSTATION,Default,One per quote line,,,,Quantity,,false,,Always,,,,Allowed,,,,false,,,false,,,1,false,,,,false,false,false,,false,false,false,false,false,false,false,,Click,false,false,false,List,,true,,false,,,List,,,,,Renewable,,false,,,,false,false,,false,,,01t2o000009ngqFAAQ
Netbook,NETBOOK,Default,One per quote line,,,,Quantity,,false,,,,,,,,,,false,,,false,,,1,false,,,,false,false,false,,false,false,false,false,false,false,false,,Click,false,false,false,List,,true,,false,,,List,,,,,Renewable,,false,,,,false,false,,false,,,01t2o000009ngqGAAQ
Marketing Platform License,MARKETINGPLATFORMLICENSE,Default,One per quote line,,,,Quantity,,false,,,,,,,,,,false,,,false,,,1,false,,,,false,false,false,,false,false,false,false,false,false,false,,Click,false,false,false,List,,true,,false,,,List,,,Fixed Price,1,Renewable,,false,,,,false,false,,false,,,01t2o000009ngqHAAQ
Virtual Meeting License,VIRTUALMEETINGLICENSE,Default,One per quote line,,,,Quantity,,false,,,,,,,,,,false,,,false,,,1,false,,,,false,false,false,,false,false,false,false,false,false,false,,Click,false,false,false,List,,true,,false,,,List,,,,,Renewable,,false,,,,false,false,,false,,,01t2o000009ngqIAAQ
2 Factor Authentication USB Key,2FAUSBKEY,Default,One per quote line,,,,Quantity,,false,,,,,,,,,,false,,,false,,,1,false,,,,false,false,false,,false,false,false,false,false,false,false,,Click,false,false,false,List,,true,,false,,,List,,,,,Renewable,,false,,,,false,false,,true,,,01t2o000009ngqJAAQ
SD Card 1TB,SDCARD1TB,Default,One per quote line,,,,Quantity,,false,,,,,,,,,,false,,,false,,,1,false,,,,false,false,false,,false,false,false,false,false,false,false,,Click,false,false,false,List,,true,,false,,,List,,,,,Renewable,,false,,,,false,false,,false,,,01t2o000009ngqKAAQ
Smart Lightbulb,SMARTLIGHTBULB,Default,One per quote line,,,,Quantity,,false,,,,,,,,,,false,,,false,,,1,false,,,,false,false,false,,false,false,false,false,false,false,false,,Click,false,false,false,List,,true,,false,,,List,,,,,Renewable,,false,,,,false,false,,false,,,01t2o000009ngqLAAQ
Smart US Power Strip,SMARTUSPOWERSTRIP,Default,One per quote line,,,,Quantity,,false,,,,,,,,,,false,,,false,,,1,false,,,,false,false,false,,false,false,false,false,false,false,false,,Click,false,false,false,List,,true,,false,,,List,,,,,Renewable,,false,,,,false,false,,false,,,01t2o000009ngqMAAQ
Headphones,HEADPHONES,Default,One per quote line,,,,Quantity,,false,,,,,,,,,,false,,,false,,,1,false,,,,false,false,false,,false,false,false,false,false,false,false,,Click,false,false,false,List,,true,,false,,,List,,,,,Renewable,,false,,,,false,false,,false,,,01t2o000009ngqNAAQ
USB Microphone,USBMIC,Default,One per quote line,,,,Quantity,,false,,,,,,,,,,false,,,false,,,1,false,,,,false,false,false,,false,false,false,false,false,false,false,,Click,false,false,false,List,,true,,false,,,List,,,,,Renewable,,false,,,,false,false,,false,,,01t2o000009ngqOAAQ
SD Card 512GB,SDCARD512GB,Default,One per quote line,,,,Quantity,,false,,,,,,,,,,false,,,false,,,1,false,,,,false,false,false,,false,false,false,false,false,false,false,,Click,false,false,false,List,,true,,false,,,List,,,,,Renewable,,false,,,,false,false,,false,,,01t2o000009ngqPAAQ
Home Automation Hub,HOMEAUTOMATIONHUB,Default,One per quote line,,,,Quantity,,false,,Always,,,,Allowed,,,,false,,,false,,,1,false,,,,false,false,false,,false,false,false,false,false,false,false,,Click,false,false,false,List,,true,,false,,,List,,,,,Renewable,,false,,,,false,false,,false,,,01t2o000009ngqQAAQ
USB Webcam w/ Integrated Microphone,USBWEBCAMMIC,Default,One per quote line,,,,Quantity,,false,,,,,,,,,,false,,,false,,,1,false,,,,false,false,false,,false,false,false,false,false,false,false,,Click,false,false,false,List,,true,,false,,,List,,,,,Renewable,,false,,,,false,false,,false,,,01t2o000009ngqRAAQ
Smart Blinds,SMARTBLINDS,Default,One per quote line,,,,Quantity,,false,,,,,,,,,,false,,,false,,,1,false,,,,false,false,false,,false,false,false,false,false,false,false,,Click,false,false,false,List,,true,,false,,,List,,,,,Renewable,,false,,,,false,false,,false,,,01t2o000009ngqSAAQ
Headphones w/ Boom Microphone,HEADPHONESMIC,Default,One per quote line,,,,Quantity,,false,,,,,,,,,,false,,,false,,,1,false,,,,false,false,false,,false,false,false,false,false,false,false,,Click,false,false,false,List,,true,,false,,,List,,,,,Renewable,,false,,,,false,false,,false,,,01t2o000009ngqTAAQ
Pro Audio Boom Microphone,PROAUDIOBOOMMIC,Default,One per quote line,,,,Quantity,,false,,,,,,,,,,false,,,false,,,1,false,,,,false,false,false,,false,false,false,false,false,false,false,,Click,false,false,false,List,,true,,false,,,List,,,,,Renewable,,false,,,,false,false,,false,,,01t2o000009ngqUAAQ
Stereo Speakers,STEREOSPEAKERS,Default,One per quote line,,,,Quantity,,false,,,,,,,,,,false,,,false,,,1,false,,,,false,false,false,,false,false,false,false,false,false,false,,Click,false,false,false,List,,true,,false,,,List,,,,,Renewable,,false,,,,false,false,,false,,,01t2o000009ngqVAAQ
USB Webcam,USBWEBCAM,Default,One per quote line,,,,Quantity,,false,,,,,,,,,,false,,,false,,,1,false,,,,false,false,false,,false,false,false,false,false,false,false,,Click,false,false,false,List,,true,,false,,,List,,,,,Renewable,,false,,,,false,false,,false,,,01t2o000009ngqWAAQ
Smart US Power Outlet,SMARTUSPOWEROUTLET,Default,One per quote line,,,,Quantity,,false,,,,,,,,,,false,,,false,,,1,false,,,,false,false,false,,false,false,false,false,false,false,false,,Click,false,false,false,List,,true,,false,,,List,,,,,Renewable,,false,,,,false,false,,false,,,01t2o000009ngqXAAQ
Camera Mount Microphone,CAMERAMIC,Default,One per quote line,,,,Quantity,,false,,,,,,,,,,false,,,false,,,1,false,,,,false,false,false,,false,false,false,false,false,false,false,,Click,false,false,false,List,,true,,false,,,List,,,,,Renewable,,false,,,,false,false,,false,,,01t2o000009ngqYAAQ
Video Editor License,VIDEOEDITOR,Default,One per quote line,,,,Quantity,,false,,,,,,,,,,false,,,false,,,1,false,,,,false,false,false,,false,false,false,false,false,false,false,,Click,false,false,false,List,,true,,false,,,List,,,,,Renewable,,false,,,,false,false,,false,,,01t2o000009ngqZAAQ
4 Port USB Hub,4PORTUSBHUB,Default,One per quote line,,,,Quantity,,false,,,,,,,,,,false,,,false,,,1,false,,,,false,false,false,,false,false,false,false,false,false,false,,Click,false,false,false,List,,true,,false,,,List,,,,,Renewable,,false,,,,false,false,,false,,,01t2o000009ngqaAAA
USB Thumb Drive,USBTHUMBDRIVE,Default,One per quote line,,,,Quantity,,false,,,,,,,,,,false,,,false,,,1,false,,,,false,false,false,,false,false,false,false,false,false,false,,Click,false,false,false,List,,true,,false,,,List,,,,,Renewable,,false,,,,false,false,,false,,,01t2o000009ngqbAAA
Headphone Extension Cable,HEADPHONEEXT,Default,One per quote line,,,,Quantity,,false,,,,,,,,,,false,,,false,,,1,false,,,,false,false,false,,false,false,false,false,false,false,false,,Click,false,false,false,List,,true,,false,,,List,,,,,Renewable,,false,,,,false,false,,true,,,01t2o000009ngqcAAA
Electrical Installation,ELECTRICALINSTALLATION,Default,One per quote line,,,,Quantity,,false,,,,,,,,,,false,,,false,,,1,false,,,,false,false,false,,false,false,false,false,false,false,false,,Click,false,false,false,List,,true,,false,,,List,,,,,Renewable,,false,,,,false,false,,false,,,01t2o000009ngqdAAA
4K Video Camera,4KVIDEOCAM,Default,One per quote line,,,,Quantity,,false,,Always,,,,Allowed,,,,false,,,false,,,1,false,,,,false,false,false,,false,false,false,false,false,false,false,,Click,false,false,false,List,,true,,false,,,List,,,,,Renewable,,false,,,,false,false,,false,,,01t2o000009ngqeAAA
Smart UK Power Strip,SMARTUKPOWERSTRIP,Default,One per quote line,,,,Quantity,,false,,,,,,,,,,false,,,false,,,1,false,,,,false,false,false,,false,false,false,false,false,false,false,,Click,false,false,false,List,,true,,false,,,List,,,,,Renewable,,false,,,,false,false,,false,,,01t2o000009ngqfAAA
Smart UK Power Outlet,SMARTUKPOWEROUTLET,Default,One per quote line,,,,Quantity,,false,,,,,,,,,,false,,,false,,,1,false,,,,false,false,false,,false,false,false,false,false,false,false,,Click,false,false,false,List,,true,,false,,,List,,,,,Renewable,,false,,,,false,false,,false,,,01t2o000009ngqgAAA
Smart EU Power Strip,SMARTEUPOWERSTRIP,Default,One per quote line,,,,Quantity,,false,,,,,,,,,,false,,,false,,,1,false,,,,false,false,false,,false,false,false,false,false,false,false,,Click,false,false,false,List,,true,,false,,,List,,,,,Renewable,,false,,,,false,false,,false,,,01t2o000009ngqhAAA
4K Monitor,MONITOR4K,Default,One per quote line,,,,Quantity,,false,,,,,,,,,,false,,,false,,,1,false,,,,false,false,false,,false,false,false,false,false,false,false,,Click,false,false,false,List,,true,,false,,,List,,,,,Renewable,,false,,,,false,false,,false,,,01t2o000009ngqiAAA
Smart EU Power Outlet,SMARTEUPOWEROUTLET,Default,One per quote line,,,,Quantity,,false,,,,,,,,,,false,,,false,,,1,false,,,,false,false,false,,false,false,false,false,false,false,false,,Click,false,false,false,List,,true,,false,,,List,,,,,Renewable,,false,,,,false,false,,false,,,01t2o000009ngqjAAA
Video Editor License (Educational),VIDEOEDITOREDU,Default,One per quote line,,,,Quantity,,false,,,,,,,,,,false,,,false,,,1,false,,,,false,false,false,,false,false,false,false,false,false,false,,Click,false,false,false,List,,true,,false,,,List,,,,,Renewable,,false,,,,false,false,,false,,,01t2o000009ngqkAAA
Smartwatch,SMARTWATCH,Default,One per quote line,,,,Quantity,,false,,Always,,,,Allowed,,,,false,,,false,,,1,false,,,,false,false,false,,false,false,false,false,false,false,false,,Click,false,false,false,List,,true,,false,,,List,,,,,Renewable,,false,,,,false,false,,false,,,01t2o000009ngqlAAA
Smartwatch Band,SMARTWATCHBAND,Default,One per quote line,,,,Quantity,,false,,,,,,,,,,false,,,false,,,1,false,,,,false,false,false,,false,false,false,false,false,false,false,,Click,false,false,false,List,,true,,false,,,List,,,,,Renewable,,false,,,,false,false,,false,,,01t2o000009ngqmAAA
USB-C Magnetic Smartwatch Charger,USBCMAGWATCHCHARGER,Default,One per quote line,,,,Quantity,,false,,,,,,,,,,false,,,false,,,1,false,,,,false,false,false,,false,false,false,false,false,false,false,,Click,false,false,false,List,,true,,false,,,List,,,,,Renewable,,false,,,,false,false,,false,,,01t2o000009ngqnAAA
AC to USB-C Wall Adapter,ACTOUSBCADAPTER,Default,One per quote line,,,,Quantity,,false,,,,,,,,,,false,,,false,,,1,false,,,,false,false,false,,false,false,false,false,false,false,false,,Click,false,false,false,List,,true,,false,,,List,,,,,Renewable,,false,,,,false,false,,false,,,01t2o000009ngqoAAA
CPU 1.1GHz m3,CPU11GHZM3,Default,One per quote line,,,,Quantity,,false,,,,,,,,,,false,,,false,,,1,false,,,,false,false,false,,false,false,false,false,false,false,false,,Click,false,false,false,List,,true,,false,,,List,,,,,Renewable,,false,,,,false,false,,false,,,01t2o000009ngqpAAA
USB-C Wireless Charging Pad,USBCWIRELESSCHARGINGPAD,Default,One per quote line,,,,Quantity,,false,,,,,,,,,,false,,,false,,,1,false,,,,false,false,false,,false,false,false,false,false,false,false,,Click,false,false,false,List,,true,,false,,,List,,,,,Renewable,,false,,,,false,false,,false,,,01t2o000009ngqqAAA
CPU 1.2GHz m5,CPU12GHZM5,Default,One per quote line,,,,Quantity,,false,,,,,,,,,,false,,,false,,,1,false,,,,false,false,false,,false,false,false,false,false,false,false,,Click,false,false,false,List,,true,,false,,,List,,,,,Renewable,,false,,,,false,false,,false,,,01t2o000009ngqrAAA
Thunderbolt 2m,THUNDER2M,Default,One per quote line,,,,Quantity,,false,,,,,,,,,,false,,,false,,,1,false,,,,false,false,false,,false,false,false,false,false,false,false,,Click,false,false,false,List,,true,,false,,,List,,,,,Renewable,,false,,,,false,false,,false,,,01t2o000009ngqsAAA
Mouse,MOUSE,Default,One per quote line,,,,Quantity,,false,,,,,,,,,,false,,,false,,,1,false,,,,false,false,false,,false,false,false,false,false,false,false,,Click,false,false,false,List,,true,,false,,,List,,,,,Renewable,,false,,,,false,false,,false,,,01t2o000009ngqtAAA
Laser Printer,LASERPRINTER,Default,One per quote line,,,,Quantity,,false,,Always,,,,Allowed,,,,false,,,false,,,1,false,,,,false,false,false,,false,false,false,false,false,false,false,,Click,false,false,false,List,,true,,false,,,List,,,,,Renewable,,false,,,,false,false,,false,,,01t2o000009ngquAAA
Printer Toner Cartridge,PRINTERTONER,Default,One per quote line,,,,Quantity,,false,,,,,,,,,,false,,,false,,,1,false,,,,false,false,false,,false,false,false,false,false,false,false,,Click,false,false,false,List,,true,,false,,,List,,,,,Renewable,,false,,,,false,false,,false,,,01t2o000009ngqvAAA
Printer Paper Letter,PRINTERPAPERLETTER,Default,One per quote line,,,,Quantity,,false,,,,,,,,,,false,,,false,,,1,false,,,,false,false,false,,false,false,false,false,false,false,false,,Click,false,false,false,List,,true,,false,,,List,,,,,Renewable,,false,,,,false,false,,false,,,01t2o000009ngqwAAA
USB-C to USB Adapter,USBCTOUSB,Default,One per quote line,,,,Quantity,,false,,,,,,,,,,false,,,false,,,1,false,,,,false,false,false,,false,false,false,false,false,false,false,,Click,false,false,false,List,,true,,false,,,List,,,,,Renewable,,false,,,,false,false,,true,,,01t2o000009ngqxAAA
WiFi Access Point,WIFIAP,Default,One per quote line,,,,Quantity,,false,,,,,,,,,,false,,,false,,,1,false,,,,false,false,false,,false,false,false,false,false,false,false,,Click,false,false,false,List,,true,,false,,,List,,,,,Renewable,,false,,,,false,false,,false,,,01t2o000009ngqyAAA
Keyboard US Layout,KEYBOARDUS,Default,One per quote line,,,,Quantity,,false,,,,,,,,,,false,,,false,,,1,false,,,,false,false,false,,false,false,false,false,false,false,false,,Click,false,false,false,List,,true,,false,,,List,,,,,Renewable,,false,,,,false,false,,false,,,01t2o000009ngqzAAA
USB-C to Digital AV Adapter,USBCTODAV,Default,One per quote line,,,,Quantity,,false,,,,,,,,,,false,,,false,,,1,false,,,,false,false,false,,false,false,false,false,false,false,false,,Click,false,false,false,List,,true,,false,,,List,,,,,Renewable,,false,,,,false,false,,false,,,01t2o000009ngr0AAA
CPU 2.5GHz i7,CPU25GHZI7,Default,One per quote line,,,,Quantity,,false,,,,,,,,,,false,,,false,,,1,false,,,,false,false,false,,false,false,false,false,false,false,false,,Click,false,false,false,List,,true,,false,,,List,,,,,Renewable,,false,,,,false,false,,false,,,01t2o000009ngr1AAA
Mini DisplayPort to DVI Adapter,MDPTODVI,Default,One per quote line,,,,Quantity,,false,,,,,,,,,,false,,,false,,,1,false,,,,false,false,false,,false,false,false,false,false,false,false,,Click,false,false,false,List,,true,,false,,,List,,,,,Renewable,,false,,,,false,false,,false,,,01t2o000009ngr2AAA
USB-C Charge Cable 2m,USBCCHARGE2M,Default,One per quote line,,,,Quantity,,false,,,,,,,,,,false,,,false,,,1,false,,,,false,false,false,,false,false,false,false,false,false,false,,Click,false,false,false,List,,true,,false,,,List,,,,,Renewable,,false,,,,false,false,,true,,,01t2o000009ngr3AAA
Keyboard UK Layout,KEYBOARDUK,Default,One per quote line,,,,Quantity,,false,,,,,,,,,,false,,,false,,,1,false,,,,false,false,false,,false,false,false,false,false,false,false,,Click,false,false,false,List,,true,,false,,,List,,,,,Renewable,,false,,,,false,false,,false,,,01t2o000009ngr4AAA
Projector,PROJECTOR,Default,One per quote line,,,,Quantity,,false,,Always,,,,Allowed,,,,false,,,false,,,1,false,,,,false,false,false,,false,false,false,false,false,false,false,,Click,false,false,false,List,,true,,false,,,List,Hardware,,,,Renewable,,false,,,,false,false,,false,,,01t2o000009ngr5AAA
Router,ROUTER,Default,One per quote line,,,,Quantity,,false,,,,,,,,,,false,,,false,,,1,false,,,,false,false,false,,false,false,false,false,false,false,false,,Click,false,false,false,List,,true,,false,,,List,,,,,Renewable,,false,,,,false,false,,false,,,01t2o000009ngr6AAA
Laptop Charging Cart,LAPTOPCART,Default,One per quote line,,,,Quantity,,false,,,,,,,,,,false,,,false,,,1,false,,,,false,false,false,,false,false,false,false,false,false,false,,Click,false,false,false,List,,true,,false,,,List,,,,,Renewable,,false,,,,false,false,,false,,,01t2o000009ngr7AAA
Monitor 1080p,MONITOR1080P,Default,One per quote line,,,,Quantity,,false,,,,,,,,,,false,,,false,,,1,false,,,,false,false,false,,false,false,false,false,false,false,false,,Click,false,false,false,List,,true,,false,,,List,,,,,Renewable,,false,,,,false,false,,false,,,01t2o000009ngr8AAA
Printer Paper A4,PRINTERPAPERA4,Default,One per quote line,,,,Quantity,,false,,,,,,,,,,false,,,false,,,1,false,,,,false,false,false,,false,false,false,false,false,false,false,,Click,false,false,false,List,,true,,false,,,List,,,,,Renewable,,false,,,,false,false,,false,,,01t2o000009ngr9AAA
Printer Maintenance Kit,PRINTERMAINTKIT,Default,One per quote line,,,,Quantity,,false,,,,,,,,,,false,,,false,,,1,false,,,,false,false,false,,false,false,false,false,false,false,false,,Click,false,false,false,List,,true,,false,,,List,,,,,Renewable,,false,,,,false,false,,false,,,01t2o000009ngrAAAQ
Mini DisplayPort to VGA Adapter,MDPTOVGA,Default,One per quote line,,,,Quantity,,false,,,,,,,,,,false,,,false,,,1,false,,,,false,false,false,,false,false,false,false,false,false,false,,Click,false,false,false,List,,true,,false,,,List,,,,,Renewable,,false,,,,false,false,,false,,,01t2o000009ngrBAAQ
USB-C to Lightning 2m,USBCTOLIGHT2M,Default,One per quote line,,,,Quantity,,false,,,,,,,,,,false,,,false,,,1,false,,,,false,false,false,,false,false,false,false,false,false,false,,Click,false,false,false,List,,true,,false,,,List,,,,,Renewable,,false,,,,false,false,,false,,,01t2o000009ngrCAAQ
"6"" Smartphone",SMARTPHONE6,Default,One per quote line,,,,Quantity,,false,,Always,,,,Allowed,,,,false,,,false,,,1,false,,,,false,false,false,,false,false,false,false,false,false,false,,Click,false,false,false,List,,true,,false,,,List,,,,,Renewable,,false,,,,false,false,,false,,,01t2o000009ngrDAAQ
LTE Hotspot,LTEHOTSPOT,Default,One per quote line,,,,Quantity,,false,,,,,,,,,,false,,,false,,,1,false,,,,false,false,false,,false,false,false,false,false,false,false,,Click,false,false,false,List,,true,,false,,,List,Hardware,,,,Renewable,,false,,,,false,false,,false,,,01t2o000009ngrEAAQ
WiFi Installation,WIFIINSTALL,Default,One per quote line,,,,Quantity,,false,,,,,,,,,,false,,,false,,,1,false,,,,false,false,false,,false,false,false,false,false,false,false,,Click,false,false,false,List,,true,,false,,,List,,,,,Renewable,,false,,,,false,false,,false,,,01t2o000009ngrFAAQ
Admin Hour,ADMINHOUR,Default,One per quote line,,,,Quantity,,false,,,,,,,,,,false,,,false,,,1,false,,,,false,false,false,,false,false,false,false,false,false,false,,Click,false,false,false,List,,true,,false,,,List,,,,,Renewable,,false,,,,false,false,,false,,,01t2o000009ngrGAAQ
Smartphone Case,SMARTPHONECASE,Default,One per quote line,,,,Quantity,,false,,,,,,,,,,false,,,false,,,1,false,,,,false,false,false,,false,false,false,false,false,false,false,,Click,false,false,false,List,,true,,false,,,List,,,,,Renewable,,false,,,,false,false,,false,,,01t2o000009ngrHAAQ
Smartphone Charger,SMARTPHONECHARGER,Default,One per quote line,,,,Quantity,,false,,,,,,,,,,false,,,false,,,1,false,,,,false,false,false,,false,false,false,false,false,false,false,,Click,false,false,false,List,,true,,false,,,List,,,,,Renewable,,false,,,,false,false,,false,,,01t2o000009ngrIAAQ
Tablet Charger,TABLETCHARGER,Default,One per quote line,,,,Quantity,,false,,,,,,,,,,false,,,false,,,1,false,,,,false,false,false,,false,false,false,false,false,false,false,,Click,false,false,false,List,,true,,false,,,List,,,,,Renewable,,false,,,,false,false,,false,,,01t2o000009ngrJAAQ
Tablet Case,TABLETCASE,Default,One per quote line,,,,Quantity,,false,,,,,,,,,,false,,,false,,,1,false,,,,false,false,false,,false,false,false,false,false,false,false,,Click,false,false,false,List,,true,,false,,,List,,,,,Renewable,,false,,,,false,false,,false,,,01t2o000009ngrKAAQ
Projector Bulb,PROJECTORBULB,Default,One per quote line,,,,Quantity,,false,,,,,,,,,,false,,,false,,,1,false,,,,false,false,false,,false,false,false,false,false,false,false,,Click,false,false,false,List,,true,,false,,,List,,,,,Renewable,,false,,,,false,false,,false,,,01t2o000009ngrLAAQ
Projector Ceiling Mount,PROJECTORCEILINGMOUNT,Default,One per quote line,,,,Quantity,,false,,,,,,,,,,false,,,false,,,1,false,,,,false,false,false,,false,false,false,false,false,false,false,,Click,false,false,false,List,,true,,false,,,List,,,,,Renewable,,false,,,,false,false,,false,,,01t2o000009ngrMAAQ
Projector Cart,PROJECTORCART,Default,One per quote line,,,,Quantity,,false,,,,,,,,,,false,,,false,,,1,false,,,,false,false,false,,false,false,false,false,false,false,false,,Click,false,false,false,List,,true,,false,,,List,,,,,Renewable,,false,,,,false,false,,false,,,01t2o000009ngrNAAQ
Projector Screen,PROJECTORSCREEN,Default,One per quote line,,,,Quantity,,false,,,,,,,,,,false,,,false,,,1,false,,,,false,false,false,,false,false,false,false,false,false,false,,Click,false,false,false,List,,true,,false,,,List,,,,,Renewable,,false,,,,false,false,,false,,,01t2o000009ngrOAAQ
High Capacity Toner Cartridge,HIGHCAPACITYTONER,Default,One per quote line,,,,Quantity,,false,,,,,,,,,,false,,,false,,,1,false,,,,false,false,false,,false,false,false,false,false,false,false,,Click,false,false,false,List,,true,,false,,,List,,,,,Renewable,,false,,,,false,false,,false,,,01t2o000009ngrPAAQ
Copy Machine,COPYMACHINE,Default,One per quote line,,,,Quantity,,false,,Always,,,,Allowed,,,,false,,,false,,,1,false,,,,false,false,false,,false,false,false,false,false,false,false,,Click,false,false,false,List,,true,,false,,,List,,,,,Renewable,,false,,,,false,false,,false,,,01t2o000009ngrQAAQ
Copy Binding Module,COPYBINDINGMODULE,Default,One per quote line,,,,Quantity,,false,,,,,,,,,,false,,,false,,,1,false,,,,false,false,false,,false,false,false,false,false,false,false,,Click,false,false,false,List,,true,,false,,,List,,,,,Renewable,,false,,,,false,false,,false,,,01t2o000009ngrRAAQ
Copy Paper Letter,COPYPAPERLETTER,Default,One per quote line,,,,Quantity,,false,,,,,,,,,,false,,,false,,,1,false,,,,false,false,false,,false,false,false,false,false,false,false,,Click,false,false,false,List,,true,,false,,,List,,,,,Renewable,,false,,,,false,false,,false,,,01t2o000009ngrSAAQ
Printer Paper Tray,PRINTERPAPERTRAY,Default,One per quote line,,,,Quantity,,false,,,,,,,,,,false,,,false,,,1,false,,,,false,false,false,,false,false,false,false,false,false,false,,Click,false,false,false,List,,true,,false,,,List,,,,,Renewable,,false,,,,false,false,,false,,,01t2o000009ngrTAAQ
Security Console,SECURITYCONSOLE,Default,One per quote line,,,,Quantity,,false,,Always,,,,Allowed,,,,false,,,false,,,1,false,,,,false,false,false,,false,false,false,false,false,false,false,,Click,false,false,false,List,,true,,false,,,List,,,,,Renewable,,false,,,,false,false,,false,,,01t2o000009ngrUAAQ
Interior Badge Reader,INTERIORBADGEREADER,Default,One per quote line,,,,Quantity,,false,,,,,,,,,,false,,,false,,,1,false,,,,false,false,false,,false,false,false,false,false,false,false,,Click,false,false,false,List,,true,,false,,,List,,,,,Renewable,,false,,,,false,false,,false,,,01t2o000009ngrVAAQ
Exterior Badge Reader,EXTERIORBADGEREADER,Default,One per quote line,,,,Quantity,,false,,,,,,,,,,false,,,false,,,1,false,,,,false,false,false,,false,false,false,false,false,false,false,,Click,false,false,false,List,,true,,false,,,List,,,,,Renewable,,false,,,,false,false,,false,,,01t2o000009ngrWAAQ
Interior Keypad,INTERIORKEYPAD,Default,One per quote line,,,,Quantity,,false,,,,,,,,,,false,,,false,,,1,false,,,,false,false,false,,false,false,false,false,false,false,false,,Click,false,false,false,List,,true,,false,,,List,,,,,Renewable,,false,,,,false,false,,false,,,01t2o000009ngrXAAQ
Exterior Keypad,EXTERIORKEYPAD,Default,One per quote line,,,,Quantity,,false,,,,,,,,,,false,,,false,,,1,false,,,,false,false,false,,false,false,false,false,false,false,false,,Click,false,false,false,List,,true,,false,,,List,,,,,Renewable,,false,,,,false,false,,false,,,01t2o000009ngrYAAQ
RFID Key Card Printer,RFIDKEYCARDPRINTER,Default,One per quote line,,,,Quantity,,false,,,,,,,,,,false,,,false,,,1,false,,,,false,false,false,,false,false,false,false,false,false,false,,Click,false,false,false,List,,true,,false,,,List,,,,,Renewable,,false,,,,false,false,,false,,,01t2o000009ngrZAAQ
RFID Fob,RFIDFOB,Default,One per quote line,,,,Quantity,,false,,,,,,,,,,false,,,false,,,1,false,,,,false,false,false,,false,false,false,false,false,false,false,,Click,false,false,false,List,,true,,false,,,List,,,,,Renewable,,false,,,,false,false,,false,,,01t2o000009ngraAAA
Electric Door Lock,ELECTRICDOORLOCK,Default,One per quote line,,,,Quantity,,false,,,,,,,,,,false,,,false,,,1,false,,,,false,false,false,,false,false,false,false,false,false,false,,Click,false,false,false,List,,true,,false,,,List,,,,,Renewable,,false,,,,false,false,,false,,,01t2o000009ngrbAAA
Door Sensor,DOORSENSOR,Default,One per quote line,,,,Quantity,,false,,,,,,,,,,false,,,false,,,1,false,,,,false,false,false,,false,false,false,false,false,false,false,,Click,false,false,false,List,,true,,false,,,List,,,,,Renewable,,false,,,,false,false,,false,,,01t2o000009ngrcAAA
Window Sensor,WINDOWSENSOR,Default,One per quote line,,,,Quantity,,false,,,,,,,,,,false,,,false,,,1,false,,,,false,false,false,,false,false,false,false,false,false,false,,Click,false,false,false,List,,true,,false,,,List,,,,,Renewable,,false,,,,false,false,,false,,,01t2o000009ngrdAAA
Optical Drive,OPTICALDRIVE,Default,One per quote line,,,,Quantity,,false,,,,,,,,,,false,,,false,,,1,false,,,,false,false,false,,false,false,false,false,false,false,false,,Click,false,false,false,List,,true,,false,,,List,,,,,Renewable,,false,,,,false,false,,false,,,01t2o000009ngreAAA
NVMe Hard Drive 500GB,NVME500,Default,One per quote line,,,,Quantity,,false,,,,,,,,,,false,,,false,,,1,false,,,,false,false,false,,false,false,false,false,false,false,false,,Click,false,false,false,List,,true,,false,,,List,,,,,Renewable,,false,,,,false,false,,false,,,01t2o000009ngrfAAA
CPU 3.4GHz i7,CPU34GHZI7,Default,One per quote line,,,,Quantity,,false,,,,,,,,,,false,,,false,,,1,false,,,,false,false,false,,false,false,false,false,false,false,false,,Click,false,false,false,List,,true,,false,,,List,,,,,Renewable,,false,,,,false,false,,false,,,01t2o000009ngrgAAA
CPU 3.8GHz i7,CPU38GHZI7,Default,One per quote line,,,,Quantity,,false,,,,,,,,,,false,,,false,,,1,false,,,,false,false,false,,false,false,false,false,false,false,false,,Click,false,false,false,List,,true,,false,,,List,,,,,Renewable,,false,,,,false,false,,false,,,01t2o000009ngrhAAA
RAM 32GB,RAM32GB,Default,One per quote line,,,,Quantity,,false,,,,,,,,,,false,,,false,,,1,false,,,,false,false,false,,false,false,false,false,false,false,false,,Click,false,false,false,List,,true,,false,,,List,,,,,Renewable,,false,,,,false,false,,false,,,01t2o000009ngriAAA
SD Card 64GB,SDCARD64GB,Default,One per quote line,,,,Quantity,,false,,,,,,,,,,false,,,false,,,1,false,,,,false,false,false,,false,false,false,false,false,false,false,,Click,false,false,false,List,,true,,false,,,List,,,,,Renewable,,false,,,,false,false,,false,,,01t2o000009ngrjAAA
SD Card 256GB,SDCARD256GB,Default,One per quote line,,,,Quantity,,false,,,,,,,,,,false,,,false,,,1,false,,,,false,false,false,,false,false,false,false,false,false,false,,Click,false,false,false,List,,true,,false,,,List,,,,,Renewable,,false,,,,false,false,,false,,,01t2o000009ngrkAAA
Digital Camera,DIGITALCAMERA,Default,One per quote line,,,,Quantity,,false,,Always,,,,Allowed,,,,false,,,false,,,1,false,,,,false,false,false,,false,false,false,false,false,false,false,,Click,false,false,false,List,,true,,false,,,List,,,,,Renewable,,false,,,,false,false,,false,,,01t2o000009ngrlAAA
Printer High Capacity Tray,PRINTERHIGHCAPACITYTRAY,Default,One per quote line,,,,Quantity,,false,,,,,,,,,,false,,,false,,,1,false,,,,false,false,false,,false,false,false,false,false,false,false,,Click,false,false,false,List,,true,,false,,,List,,,,,Renewable,,false,,,,false,false,,false,,,01t2o000009ngrmAAA
Smartphone Fast Charger,SMARTPHONEFASTCHARGER,Default,One per quote line,,,,Quantity,,false,,,,,,,,,,false,,,false,,,1,false,,,,false,false,false,,false,false,false,false,false,false,false,,Click,false,false,false,List,,true,,false,,,List,,,,,Renewable,,false,,,,false,false,,false,,,01t2o000009ngrnAAA
Smartphone Screen Protector,SMARTPHONESCREENPROTECTOR,Default,One per quote line,,,,Quantity,,false,,,,,,,,,,false,,,false,,,1,false,,,,false,false,false,,false,false,false,false,false,false,false,,Click,false,false,false,List,,true,,false,,,List,,,,,Renewable,,false,,,,false,false,,false,,,01t2o000009ngroAAA
Smartphone Heavy Duty Case,SMARTPHONEHEAVYDUTYCASE,Default,One per quote line,,,,Quantity,,false,,,,,,,,,,false,,,false,,,1,false,,,,false,false,false,,false,false,false,false,false,false,false,,Click,false,false,false,List,,true,,false,,,List,,,,,Renewable,,false,,,,false,false,,false,,,01t2o000009ngrpAAA
Smartphone Car Charger,SMARTPHONECARCHARGER,Default,One per quote line,,,,Quantity,,false,,,,,,,,,,false,,,false,,,1,false,,,,false,false,false,,false,false,false,false,false,false,false,,Click,false,false,false,List,,true,,false,,,List,,,,,Renewable,,false,,,,false,false,,false,,,01t2o000009ngrqAAA
Smartphone Wireless Charger,SMARTPHONEWIRELESSCHARGER,Default,One per quote line,,,,Quantity,,false,,,,,,,,,,false,,,false,,,1,false,,,,false,false,false,,false,false,false,false,false,false,false,,Click,false,false,false,List,,true,,false,,,List,,,,,Renewable,,false,,,,false,false,,false,,,01t2o000009ngrrAAA
Desktop Computer,DESKTOPCOMPUTER,Default,One per quote line,,,,Quantity,,false,,Always,,,,Allowed,,,,false,,,false,,,1,false,,,,false,false,false,,false,false,false,false,false,false,false,,Click,false,false,false,List,,true,,false,,,List,,,,,Renewable,,false,,,,false,false,,false,,,01t2o000009ngrsAAA
Home Security Console,HOMESECURITYCONSOLE,Default,One per quote line,,,,Quantity,,false,,,,,,,,,,false,,,false,,,1,false,,,,false,false,false,,false,false,false,false,false,false,false,,Click,false,false,false,List,,false,,false,,,List,,,,,Renewable,,false,,,,false,false,,false,,,01t2o000009ngrtAAA
Deterrent Window Decal,DETERRENTWINDOWDECAL,Default,,,,,Quantity,,false,,,,,,,,,,false,,,false,,,1,false,,,,false,false,false,,false,false,false,false,false,false,false,,Click,false,false,false,List,,true,,false,,,List,,,,,Renewable,,false,,,,false,false,,false,,,01t2o000009ngruAAA
Doorbell Camera,DOORBELLCAMERA,Default,One per quote line,,,,Quantity,,false,,,,,,,,,,false,,,false,,,1,false,,,,false,false,false,,false,false,false,false,false,false,false,,Click,false,false,false,List,,true,,false,,,List,,,,,Renewable,,false,,,,false,false,,false,,,01t2o000009ngrvAAA
Motion Sensor,MOTIONSENSOR,Default,One per quote line,,,,Quantity,,false,,,,,,,,,,false,,,false,,,1,false,,,,false,false,false,,false,false,false,false,false,false,false,,Click,false,false,false,List,,true,,false,,,List,,,,,Renewable,,false,,,,false,false,,false,,,01t2o000009ngrwAAA
Home Security Installation,HOMESECURITYINSTALLATION,Default,One per quote line,,,,Quantity,,false,,,,,,,,,,false,,,false,,,1,false,,,,false,false,false,,false,false,false,false,false,false,false,,Click,false,false,false,List,,true,,false,,,List,,,,,Renewable,,false,,,,false,false,,false,,,01t2o000009ngrxAAA
Home Security Monitoring,HOMESECURITYMONITORING,Default,One per quote line,,,,Quantity,,false,,,,,,,,,,false,,,false,,,1,false,,,,false,false,false,,false,false,false,false,false,false,false,,Click,false,false,false,List,,true,,false,,,List,,,Fixed Price,12,Renewable,,false,,,,false,false,,false,,,01t2o000009ngryAAA
Warranty Extension,WARRANTYEXTENSION,Default,One per quote line,,,,Quantity,,false,,,,,,,,,,false,,,false,,,1,false,,,,false,false,false,,false,false,false,false,false,false,false,,Click,false,false,false,List,,true,,false,,,List,,,Fixed Price,12,Renewable,,false,,,,false,false,,false,,,01t2o000009ngrzAAA
Offsite Video Storage 1GB,OFFSITEVIDEOSTORAGE1GB,Default,One per quote line,,,,Quantity,,false,,,,,,,,,,false,,,false,,,1,false,,,,false,false,false,,false,false,false,false,false,false,false,,Click,false,false,false,List,,true,,false,,,List,,,Fixed Price,1,Renewable,,false,,,,false,false,,false,,,01t2o000009ngs0AAA
Mobile Monitoring App,MOBILEMONITORINGAPP,Default,One per quote line,,,,Quantity,,false,,,,,,,,,,false,,,false,,,1,false,,,,false,false,false,,false,false,false,false,false,false,false,,Click,false,false,false,List,,true,,false,,,List,,,Fixed Price,1,Renewable,,false,,,,false,false,,false,,,01t2o000009ngs1AAA
Mobile Control Center App,MOBILECONTROLCENTER,Default,One per quote line,,,,Quantity,,false,,,,,,,,,,false,,,false,,,1,false,,,,false,false,false,,false,false,false,false,false,false,false,,Click,false,false,false,List,,true,,false,,,List,,,Fixed Price,1,Renewable,,false,,,,false,false,,false,,,01t2o000009ngs2AAA
Warranty,WARRANTY,Default,One per quote line,,,,Quantity,,false,,,,,,,,,,false,,,false,,,1,false,,,,false,false,false,,false,false,false,false,false,false,false,,Click,false,false,false,List,,true,,false,,,List,,,Fixed Price,12,Renewable,,false,,,,false,false,,false,,,01t2o000009ngs3AAA
Hard Drive 4TB,HDD4TB,Default,One per quote line,,,,Quantity,,false,,,,,,,,,,false,,,false,,,1,false,,,,false,false,false,,false,false,false,false,false,false,false,,Click,false,false,false,List,,true,,false,,,List,,,,,Renewable,,false,,,,false,false,,false,,,01t2o000009ngs4AAA
Smartphone Activation,SMARTPHONEACTIVATION,Default,One per quote line,,,,Quantity,,false,,,,,,,,,,false,,,false,,,1,false,,,,false,false,false,,false,false,false,false,false,false,false,,Click,false,false,false,List,,true,,false,,,List,,,,,Renewable,,false,,,,false,false,,false,,,01t2o000009ngs5AAA
USB-C Charge Cable 1m,USBCCHARGE1M,Default,One per quote line,,,,Quantity,,false,,,,,,,,,,false,,,false,,,1,false,,,,false,false,false,,false,false,false,false,false,false,false,,Click,false,false,false,List,,true,,false,,,List,,,,,Renewable,,false,,,,false,false,,true,,,01t2o000009ngs6AAA
Firewall,FIREWALL,Default,One per quote line,,,,Quantity,,false,,,,,,,,,,false,,,false,,,1,false,,,,false,false,false,,false,false,false,false,false,false,false,,Click,false,false,false,List,,true,,false,,,List,,,,,Renewable,,false,,,,false,false,,false,,,01t2o000009ngs7AAA
Loss and Damage Warranty,LDWARRANTY,Default,One per quote line,,,,Quantity,,false,,,,,,,,,,false,,,false,,,1,false,,,,false,false,false,,false,false,false,false,false,false,false,,Click,false,false,false,List,,true,,false,,,List,,,,,Renewable,,false,,,,false,false,,false,,,01t2o000009ngs8AAA
Toner Recycling,TONERRECYCLE,Default,One per quote line,,,,Quantity,,false,,,,,,,,,,false,,,false,,,1,false,,,,false,false,false,,false,false,false,false,false,false,false,,Click,false,false,false,List,,true,,false,,,List,,,,,Renewable,,false,,,,false,false,,false,,,01t2o000009ngs9AAA
Printer Manual,PRINTERMANUAL,Default,One per quote line,,,,Quantity,,false,,,,,,,,,,false,,,false,,,1,false,,,,false,false,false,,false,false,false,false,false,false,false,,Click,false,false,false,List,,true,,false,,,List,,,,,Renewable,,false,,,,false,false,,false,,,01t2o000009ngsAAAQ
Pager,PAGER,Default,One per quote line,,,,Quantity,,false,,,,,,,,,,false,,,false,,,1,false,,,,false,false,false,,false,false,false,false,false,false,false,,Click,false,false,false,List,,true,,false,,,List,,,,,Renewable,,false,,,,false,false,,false,,,01t2o000009ngsBAAQ
Shipping Insurance,SHIPPINGINSURANCE,Default,One per quote line,,,,Quantity,,false,,,,,,,,,,false,,,false,,,1,false,,,,false,false,false,,false,false,false,false,false,false,false,,Click,false,false,false,List,,true,,false,,,List,,,,,Renewable,,false,,,,false,false,,false,,,01t2o000009ngsCAAQ
Password Manager License,PASSWORDMANAGERLICENSE,Default,One per quote line,,,,Quantity,,false,,,,,,,,,,false,,,false,,,1,false,,,,false,false,false,,false,false,false,false,false,false,false,,Click,false,false,false,List,,true,,false,,,List,,,,,Renewable,,false,,,,false,false,,false,,,01t2o000009ngsDAAQ
Pager Service,PAGERSERVICE,Default,One per quote line,,,,Quantity,,false,,,,,,,,,,false,,,false,,,1,false,,,,false,false,false,,false,false,false,false,false,false,false,,Click,false,false,false,List,,true,,false,,,List,,,Fixed Price,1,Renewable,,false,,,,false,false,,false,,,01t2o000009ngsEAAQ
5G Antenna,5GANTENNA,Default,One per quote line,,,,Quantity,,false,,,,,,,,,,false,,,false,,,1,false,,,,false,false,false,,false,false,false,false,false,false,false,,Click,false,false,false,List,,true,,false,,,List,,,,,Renewable,,false,,,,false,false,,false,,,01t2o000009ngsFAAQ
Satellite Receiver,SATELLITERECEIVER,Default,One per quote line,,,,Quantity,,false,,,,,,,,,,false,,,false,,,1,false,,,,false,false,false,,false,false,false,false,false,false,false,,Click,false,false,false,List,,true,,false,,,List,,,,,Renewable,,false,,,,false,false,,false,,,01t2o000009ngsGAAQ
