SBQQ__ConfiguredSKU__c,SBQQ__OptionalSKU__c,SBQQ__Feature__c,SBQQ__AppliedImmediatelyContext__c,SBQQ__AppliedImmediately__c,SBQQ__Bundled__c,SBQQ__ComponentCodePosition__c,SBQQ__ComponentCode__c,SBQQ__ComponentDescriptionPosition__c,SBQQ__ComponentDescription__c,SBQQ__DefaultPricingTable__c,SBQQ__DiscountAmount__c,SBQQ__DiscountSchedule__c,SBQQ__Discount__c,SBQQ__DiscountedByPackage__c,SBQQ__ExistingQuantity__c,SBQQ__MaxQuantity__c,SBQQ__MinQuantity__c,SBQQ__Number__c,SBQQ__QuantityEditable__c,SBQQ__Quantity__c,SBQQ__QuoteLineVisibility__c,SBQQ__Required__c,SBQQ__Selected__c,SBQQ__SubscriptionScope__c,SBQQ__System__c,SBQQ__Type__c,SBQQ__UnitPrice__c,SBQQ__UpliftedByPackage__c,Errors,Id
01t2o000009ngrUAAQ,01t2o000009ngpgAAA,,,false,false,,,,,,,,,false,,,,60,true,20,,false,true,,false,Related Product,,false,,a0i2o00000iIfKDAA0
01t2o000009ngpjAAA,01t2o000009ngplAAA,a0h2o00000NnPPxAAN,,false,false,,,,,,,,,false,,,,10,false,1,,false,true,,false,Component,,false,,a0i2o00000iIfKEAA0
01t2o000009ngpjAAA,01t2o000009ngpiAAA,a0h2o00000NnPPvAAN,,false,true,,,,,,,,,false,,,,10,false,1,,false,true,,false,Component,,false,,a0i2o00000iIfKFAA0
01t2o000009ngppAAA,01t2o000009ngpkAAA,a0h2o00000NnPPtAAN,,false,true,,,,,,,,,false,,,,10,false,1,,false,true,,false,Component,,false,,a0i2o00000iIfKGAA0
01t2o000009ngpjAAA,01t2o000009ngpkAAA,a0h2o00000NnPPwAAN,,false,true,,,,,,,,,false,,,,10,false,1,,false,true,,false,Component,,false,,a0i2o00000iIfKHAA0
01t2o000009ngrsAAA,01t2o000009ngpkAAA,a0h2o00000NnPPzAAN,,false,true,,,,,,,,,false,,,,10,false,1,,false,true,,false,Component,,false,,a0i2o00000iIfKIAA0
01t2o000009ngppAAA,01t2o000009ngpoAAA,a0h2o00000NnPPsAAN,,false,false,,,,,,,,,false,,,,30,false,1,,false,false,,false,Component,250,false,,a0i2o00000iIfKJAA0
01t2o000009ngrsAAA,01t2o000009ngpoAAA,a0h2o00000NnPPyAAN,,false,true,,,,,,,,,false,,,,10,false,1,,false,true,,false,Component,,false,,a0i2o00000iIfKKAA0
01t2o000009ngppAAA,01t2o000009ngpqAAA,a0h2o00000NnPPtAAN,,false,false,,,,,,,,,false,,,,20,false,1,,false,false,,false,Component,125,false,,a0i2o00000iIfKLAA0
01t2o000009ngpjAAA,01t2o000009ngpqAAA,a0h2o00000NnPPwAAN,,false,false,,,,,,,,,false,,,,20,false,1,,false,false,,false,Component,125,false,,a0i2o00000iIfKMAA0
01t2o000009ngrsAAA,01t2o000009ngpqAAA,a0h2o00000NnPPzAAN,,false,false,,,,,,,,,false,,,,20,false,1,,false,false,,false,Component,125,false,,a0i2o00000iIfKNAA0
01t2o000009ngppAAA,01t2o000009ngprAAA,a0h2o00000NnPPuAAN,,false,false,,,,,,,,,false,,,,20,false,1,,false,false,,false,Component,100,false,,a0i2o00000iIfKOAA0
01t2o000009ngrsAAA,01t2o000009ngprAAA,a0h2o00000NnPQ0AAN,,false,false,,,,,,,,,false,,2,,20,true,1,,false,false,,false,Component,,false,,a0i2o00000iIfKPAA0
01t2o000009ngppAAA,01t2o000009ngpsAAA,a0h2o00000NnPPsAAN,,false,true,,,,,,,,,false,,,,10,false,1,,false,true,,false,Component,,false,,a0i2o00000iIfKQAA0
01t2o000009ngppAAA,01t2o000009ngptAAA,a0h2o00000NnPPuAAN,,false,true,,,,,,,,,false,,,,10,false,1,,false,true,,false,Component,75,false,,a0i2o00000iIfKRAA0
01t2o000009ngqQAAQ,01t2o000009ngqLAAQ,a0h2o00000NnPQBAA3,,false,false,,,,,,,,,false,,,,10,false,,,false,true,,false,Component,,false,,a0i2o00000iIfKSAA0
01t2o000009ngqQAAQ,01t2o000009ngqMAAQ,a0h2o00000NnPQDAA3,,false,false,,,,,,,,,false,,,,30,false,,,false,true,,false,Component,,false,,a0i2o00000iIfKTAA0
01t2o000009ngqFAAQ,01t2o000009ngqNAAQ,a0h2o00000NnPQ8AAN,,false,false,,,,,,,,,false,,,,50,false,,,false,true,,false,Component,,false,,a0i2o00000iIfKUAA0
01t2o000009ngqFAAQ,01t2o000009ngqOAAQ,a0h2o00000NnPQ9AAN,,false,false,,,,,,,,,false,,,,100,false,,,false,false,,false,Component,,false,,a0i2o00000iIfKVAA0
01t2o000009ngqQAAQ,01t2o000009ngqSAAQ,a0h2o00000NnPQBAA3,,false,false,,,,,,,,,false,,,,20,false,,,false,false,,false,Component,,false,,a0i2o00000iIfKWAA0
01t2o000009ngqFAAQ,01t2o000009ngqTAAQ,a0h2o00000NnPQ8AAN,,false,false,,,,,,,,,false,,,,60,false,,,false,false,,false,Component,,false,,a0i2o00000iIfKXAA0
01t2o000009ngqFAAQ,01t2o000009ngqRAAQ,a0h2o00000NnPQAAA3,,false,false,,,,,,,,,false,,,,90,false,,,false,false,,false,Component,,false,,a0i2o00000iIfKYAA0
01t2o000009ngqFAAQ,01t2o000009ngqUAAQ,a0h2o00000NnPQ9AAN,,false,false,,,,,,,,,false,,,,110,false,,,false,false,,false,Component,,false,,a0i2o00000iIfKZAA0
01t2o000009ngqeAAA,01t2o000009ngqUAAQ,a0h2o00000NnPQCAA3,,false,false,,,,,,,,,false,,,,20,false,,,false,false,,false,Component,,false,,a0i2o00000iIfKaAAK
01t2o000009ngqFAAQ,01t2o000009ngqVAAQ,a0h2o00000NnPQ8AAN,,false,false,,,,,,,,,false,,,,70,false,,,false,false,,false,Component,,false,,a0i2o00000iIfKbAAK
01t2o000009ngqFAAQ,01t2o000009ngqWAAQ,a0h2o00000NnPQAAA3,,false,false,,,,,,,,,false,,,,80,false,,,false,true,,false,Component,,false,,a0i2o00000iIfKcAAK
01t2o000009ngqQAAQ,01t2o000009ngqXAAQ,a0h2o00000NnPQDAA3,,false,false,,,,,,,,,false,,,,40,false,,,false,false,,false,Component,,false,,a0i2o00000iIfKdAAK
01t2o000009ngqeAAA,01t2o000009ngqYAAQ,a0h2o00000NnPQCAA3,,false,false,,,,,,,,,false,,,,10,false,,,false,true,,false,Component,,false,,a0i2o00000iIfKeAAK
01t2o000009ngqeAAA,01t2o000009ngqZAAQ,a0h2o00000NnPQCAA3,,false,false,,,,,,,,,false,,,,30,false,,,false,false,,false,Component,,false,,a0i2o00000iIfKfAAK
01t2o000009ngqFAAQ,01t2o000009ngqaAAA,a0h2o00000NnPQ7AAN,,false,false,,,,,,,,,false,,,,40,false,,,false,false,,false,Component,,false,,a0i2o00000iIfKgAAK
01t2o000009ngqQAAQ,01t2o000009ngqdAAA,a0h2o00000NnPQFAA3,,false,false,,,,,,,,,false,,,,90,false,1,,false,false,,false,Component,,false,,a0i2o00000iIfKhAAK
01t2o000009ngqQAAQ,01t2o000009ngqfAAA,a0h2o00000NnPQDAA3,,false,false,,,,,,,,,false,,,,50,false,,,false,false,,false,Component,,false,,a0i2o00000iIfKiAAK
01t2o000009ngqQAAQ,01t2o000009ngqgAAA,a0h2o00000NnPQDAA3,,false,false,,,,,,,,,false,,,,60,false,,,false,false,,false,Component,,false,,a0i2o00000iIfKjAAK
01t2o000009ngqQAAQ,01t2o000009ngqhAAA,a0h2o00000NnPQDAA3,,false,false,,,,,,,,,false,,,,70,false,,,false,false,,false,Component,,false,,a0i2o00000iIfKkAAK
01t2o000009ngqQAAQ,01t2o000009ngqjAAA,a0h2o00000NnPQDAA3,,false,false,,,,,,,,,false,,,,80,false,,,false,false,,false,Component,,false,,a0i2o00000iIfKlAAK
01t2o000009ngqeAAA,01t2o000009ngqkAAA,a0h2o00000NnPQCAA3,,false,false,,,,,,,,,false,,,,40,false,,,false,false,,false,Component,,false,,a0i2o00000iIfKmAAK
01t2o000009ngqlAAA,01t2o000009ngqmAAA,a0h2o00000NnPQGAA3,,false,true,,,,,,,,,false,,,,10,false,1,,true,false,,false,Component,,false,,a0i2o00000iIfKnAAK
01t2o000009ngqlAAA,01t2o000009ngqmAAA,a0h2o00000NnPQGAA3,,false,false,,,,,,,,,false,,,,20,false,,,false,false,,false,Component,,false,,a0i2o00000iIfKoAAK
01t2o000009ngqlAAA,01t2o000009ngqnAAA,a0h2o00000NnPQEAA3,,false,true,,,,,,,,,false,,,,20,false,1,,true,false,,false,Component,,false,,a0i2o00000iIfKpAAK
01t2o000009ngqlAAA,01t2o000009ngqoAAA,a0h2o00000NnPQEAA3,,false,true,,,,,,,,,false,,,,10,false,1,,true,false,,false,Component,,false,,a0i2o00000iIfKqAAK
01t2o000009ngqlAAA,01t2o000009ngqqAAA,a0h2o00000NnPQEAA3,,false,false,,,,,,,,,false,,,,30,false,,,false,false,,false,Component,,false,,a0i2o00000iIfKrAAK
01t2o000009ngrsAAA,01t2o000009ngqtAAA,a0h2o00000NnPQ1AAN,,false,false,,,,,,,,,false,,,,20,false,1,,false,true,,false,Component,,false,,a0i2o00000iIfKsAAK
01t2o000009ngqFAAQ,01t2o000009ngqtAAA,a0h2o00000NnPQ7AAN,,false,false,,,,,,,,,false,,,,20,false,,,true,false,,false,Component,,false,,a0i2o00000iIfKtAAK
01t2o000009ngrsAAA,01t2o000009ngquAAA,a0h2o00000NnPQ2AAN,,false,false,,,,,,,,,false,,,,20,true,1,,false,false,,false,Accessory,,false,,a0i2o00000iIfKuAAK
01t2o000009ngquAAA,01t2o000009ngqvAAA,,,false,false,,,,,,,,,true,,,,10,false,1,,true,true,,false,Component,,false,,a0i2o00000iIfKvAAK
01t2o000009ngquAAA,01t2o000009ngqwAAA,,,false,false,,,,,,,,,true,,,,40,true,5,,false,true,,false,Related Product,,false,,a0i2o00000iIfKwAAK
01t2o000009ngrDAAQ,01t2o000009ngqxAAA,a0h2o00000NnPQ5AAN,,false,false,,,,,,,,,false,,,,30,false,,,false,false,,false,Component,,false,,a0i2o00000iIfKxAAK
01t2o000009ngrsAAA,01t2o000009ngqzAAA,a0h2o00000NnPQ1AAN,,false,false,,,,,,,,,false,,,,10,false,1,,false,true,,false,Component,,false,,a0i2o00000iIfKyAAK
01t2o000009ngqFAAQ,01t2o000009ngqzAAA,a0h2o00000NnPQ7AAN,,false,false,,,,,,,,,false,,,,10,false,,,true,false,,false,Component,,false,,a0i2o00000iIfKzAAK
01t2o000009ngrDAAQ,01t2o000009ngr3AAA,a0h2o00000NnPQ5AAN,,false,false,,,,,,,,,false,,,,20,false,,,false,false,,false,Component,,false,,a0i2o00000iIfL0AAK
01t2o000009ngppAAA,01t2o000009ngr1AAA,a0h2o00000NnPPsAAN,,false,false,,,,,,,,,false,,,,20,false,1,,false,false,,false,Component,100,false,,a0i2o00000iIfL1AAK
01t2o000009ngrsAAA,01t2o000009ngr8AAA,a0h2o00000NnPQ2AAN,,false,false,,,,,,,,,false,,4,,10,true,1,,false,false,,false,Component,,false,,a0i2o00000iIfL2AAK
01t2o000009ngqFAAQ,01t2o000009ngr8AAA,a0h2o00000NnPQ7AAN,,false,false,,,,,,,,,false,,,,30,false,,,true,false,,false,Component,,false,,a0i2o00000iIfL3AAK
01t2o000009ngrDAAQ,01t2o000009ngrHAAQ,a0h2o00000NnPQ6AAN,,false,false,,,,,,,,,false,,,,10,false,1,,false,true,,false,Component,,false,,a0i2o00000iIfL4AAK
01t2o000009ngrDAAQ,01t2o000009ngrIAAQ,a0h2o00000NnPQ3AAN,,false,true,,,,,,,,,false,,,,10,false,1,,true,false,,false,Component,,false,,a0i2o00000iIfL5AAK
01t2o000009ngquAAA,01t2o000009ngrTAAQ,,,false,true,,,,,,,,,true,,,,20,false,1,,false,true,,false,Component,,false,,a0i2o00000iIfL6AAK
01t2o000009ngrUAAQ,01t2o000009ngrVAAQ,,,false,false,,,,,,,,,false,,,,10,true,1,,false,true,,false,Accessory,,false,,a0i2o00000iIfL7AAK
01t2o000009ngrUAAQ,01t2o000009ngrWAAQ,,,false,false,,,,,,,,,false,,,,20,true,1,,false,true,,false,Accessory,,false,,a0i2o00000iIfL8AAK
01t2o000009ngrUAAQ,01t2o000009ngrXAAQ,,,false,false,,,,,,,,,false,,,,30,true,1,,false,false,,false,Accessory,,false,,a0i2o00000iIfL9AAK
01t2o000009ngrUAAQ,01t2o000009ngrYAAQ,,,false,false,,,,,,,,,false,,,,40,true,1,,false,false,,false,Accessory,,false,,a0i2o00000iIfLAAA0
01t2o000009ngrUAAQ,01t2o000009ngrZAAQ,,,false,false,,,,,,,,,false,,,,70,true,1,,false,true,,false,Accessory,,false,,a0i2o00000iIfLBAA0
01t2o000009ngrUAAQ,01t2o000009ngraAAA,,,false,false,,,,,,,,,false,,,,50,true,1,,false,true,,false,Related Product,,false,,a0i2o00000iIfLCAA0
01t2o000009ngrUAAQ,01t2o000009ngrbAAA,,,false,false,,,,,,,,,false,,,,80,true,1,,false,true,,false,Accessory,,false,,a0i2o00000iIfLDAA0
01t2o000009ngrUAAQ,01t2o000009ngrcAAA,,,false,false,,,,,,,,,false,,,,90,true,1,,false,false,,false,Accessory,,false,,a0i2o00000iIfLEAA0
01t2o000009ngrUAAQ,01t2o000009ngrdAAA,,,false,false,,,,,,,,,false,,,,100,true,1,,false,false,,false,Accessory,,false,,a0i2o00000iIfLFAA0
01t2o000009ngrsAAA,01t2o000009ngreAAA,a0h2o00000NnPQ0AAN,,false,true,,,,,,,,,false,,2,,40,true,1,,true,true,,false,Component,,false,,a0i2o00000iIfLGAA0
01t2o000009ngrsAAA,01t2o000009ngrfAAA,a0h2o00000NnPQ0AAN,,false,false,,,,,,,,,false,,1,,30,false,1,,false,false,,false,Component,50,false,,a0i2o00000iIfLHAA0
01t2o000009ngrsAAA,01t2o000009ngrgAAA,a0h2o00000NnPPyAAN,,false,false,,,,,,,,,false,,,,20,false,1,,false,false,,false,Component,50,false,,a0i2o00000iIfLIAA0
01t2o000009ngrsAAA,01t2o000009ngrhAAA,a0h2o00000NnPPyAAN,,false,false,,,,,,,,,false,,,,30,false,1,,false,false,,false,Component,175,false,,a0i2o00000iIfLJAA0
01t2o000009ngrsAAA,01t2o000009ngriAAA,a0h2o00000NnPPzAAN,,false,false,,,,,,,,,false,,,,30,false,1,,false,false,,false,Component,275,false,,a0i2o00000iIfLKAA0
01t2o000009ngrlAAA,01t2o000009ngrjAAA,a0h2o00000NnPQHAA3,,false,false,,,,,,,,,false,,,,10,false,1,,false,true,,false,Component,,false,,a0i2o00000iIfLLAA0
01t2o000009ngrlAAA,01t2o000009ngrkAAA,a0h2o00000NnPQHAA3,,false,false,,,,,,,,,false,,,,20,false,1,,false,false,,false,Component,,false,,a0i2o00000iIfLMAA0
01t2o000009ngquAAA,01t2o000009ngrmAAA,,,false,false,,,,,,,,,true,,,,30,false,1,,false,false,,false,Component,,false,,a0i2o00000iIfLNAA0
01t2o000009ngrDAAQ,01t2o000009ngroAAA,a0h2o00000NnPQ6AAN,,false,false,,,,,,,,,false,,,,30,false,1,,false,false,,false,Component,,false,,a0i2o00000iIfLOAA0
01t2o000009ngrDAAQ,01t2o000009ngrpAAA,a0h2o00000NnPQ6AAN,,false,false,,,,,,,,,false,,,,20,false,1,,false,false,,false,Component,,false,,a0i2o00000iIfLPAA0
01t2o000009ngrDAAQ,01t2o000009ngrqAAA,a0h2o00000NnPQ3AAN,,false,false,,,,,,,,,false,,,,30,false,,,false,false,,false,Component,,false,,a0i2o00000iIfLQAA0
01t2o000009ngrDAAQ,01t2o000009ngrnAAA,a0h2o00000NnPQ3AAN,,false,false,,,,,,,,,false,,,,20,false,,,false,false,,false,Component,,false,,a0i2o00000iIfLRAA0
01t2o000009ngrDAAQ,01t2o000009ngrrAAA,a0h2o00000NnPQ3AAN,,false,false,,,,,,,,,false,,,,40,false,,,false,false,,false,Component,,false,,a0i2o00000iIfLSAA0
01t2o000009ngrsAAA,01t2o000009ngs4AAA,a0h2o00000NnPQ0AAN,,false,false,,,,,,,,,false,,2,,10,true,1,,false,true,,false,Component,,false,,a0i2o00000iIfLTAA0
01t2o000009ngrDAAQ,01t2o000009ngs5AAA,a0h2o00000NnPQ4AAN,,false,false,,,,,,,,,false,,,,10,false,1,,true,false,,false,Accessory,,false,,a0i2o00000iIfLUAA0
01t2o000009ngrDAAQ,01t2o000009ngs6AAA,a0h2o00000NnPQ5AAN,,false,true,,,,,,,,,false,,,,10,false,1,,true,false,,false,Component,,false,,a0i2o00000iIfLVAA0
